{
    "src/addons/JustForFun/Portal/addon.json": "a68993c8a32401162e9f56cd75813c7024f7a0ae5608afd3f60851ce8f4121fc",
    "src/addons/JustForFun/Portal/Cron/PortalCron.php": "89c2b2e6854e0dc98ac49cb45b0adfd03aeaeac41a0de3e759deee69ccd9c533",
    "src/addons/JustForFun/Portal/Entity/Cache_Servers.php": "a0ba858de8c46811394fc90089ba027dc78b03ffe565b97cffa8b98aec974bea",
    "src/addons/JustForFun/Portal/Pub/Controller/Server.php": "e8a8e32de1ee961dcfda36b3cd10fe52ff5855340e129a8637908a1c47d44cf0",
    "src/addons/JustForFun/Portal/ServerStatus/Status.php": "ce4c92950a7eb5a870bacb69a2d4265b7476b55737ce877b982a6332053bf212",
    "src/addons/JustForFun/Portal/ServerStatus/StatusRetriever.php": "4fc98537b30689635c08344de44024e44d7e945e5c493026c1dbc275066e12ce",
    "src/addons/JustForFun/Portal/Setup.php": "96940b403f79388a05d4d3b1d98dc3c29c97656accee58511f01103c8592a11b",
    "src/addons/JustForFun/Portal/SSH/SSH.php": "788ee2ed88e199c657129690554b9d2ac7f5003e8d1ba65fde7ab6fb311951d7",
    "src/addons/JustForFun/Portal/_data/admin_navigation.xml": "064ec797484ac00d5ee37367b50b06846d11f480d00550997712707f8fdac8c0",
    "src/addons/JustForFun/Portal/_data/admin_permission.xml": "ec6fb97cebf0bceb24f1ed1d5778c1db54eeb7535fbb3e31d824840e7aa9ff87",
    "src/addons/JustForFun/Portal/_data/advertising_positions.xml": "d2f7cbe844bb1df3cf878d22ff6306249245c8ff6b0b87b9b729744bec538261",
    "src/addons/JustForFun/Portal/_data/api_scopes.xml": "6793eaf758f140e8137187ba20e65f4faccf53410433ae3ad7a8b3b38cb6b3b7",
    "src/addons/JustForFun/Portal/_data/bb_codes.xml": "faa4ddd5f4a365e5ac39aebdcbe2d25aedf74e7eb9ea4a812766e2fd5e13bdb1",
    "src/addons/JustForFun/Portal/_data/bb_code_media_sites.xml": "29762987990187b33e43cfb68c08dc917b2d3f0176613d78f8e6c453f82da3f3",
    "src/addons/JustForFun/Portal/_data/class_extensions.xml": "1f548b8006e9952a3f5889f71e09fdfa6726ac1a47c1af7b2626d1a88920d5a4",
    "src/addons/JustForFun/Portal/_data/code_events.xml": "8370dec3df47f91df4cf79da253446ad11b29f4ea568fe76c774e97a0379f0eb",
    "src/addons/JustForFun/Portal/_data/code_event_listeners.xml": "d6b5072f4909dee7a20ee9e44b163f95c8aa52e6ac7f573e292000cd9238c331",
    "src/addons/JustForFun/Portal/_data/content_type_fields.xml": "c7ad5472b28f465b7ac7617627707eba1b7a39d28089460d52e1ed292fc0b06a",
    "src/addons/JustForFun/Portal/_data/cron.xml": "d272908fa2f61a368c34ac5a089c16daee310660414beb312104980e920666cf",
    "src/addons/JustForFun/Portal/_data/help_pages.xml": "a8a0c0b06cdc550438bc8a8d385af3e1e5ab3459877dfb934c1c31be59c89163",
    "src/addons/JustForFun/Portal/_data/member_stats.xml": "89fb2b93ff1eca7a1f6f752248edf6090dfd24037db1446fd18ff7143f08124d",
    "src/addons/JustForFun/Portal/_data/navigation.xml": "596047e57d9663dc12ac117cb82d8fc26cc7a475b7549a3963bd3ee0352dc2a0",
    "src/addons/JustForFun/Portal/_data/options.xml": "769b6e5b4c99a6ff539e616109bac4332c065269e68913fda769976abd30d14f",
    "src/addons/JustForFun/Portal/_data/option_groups.xml": "4d39d4643a30b230ccd6ae28e3f0f63175a02203b8c9b72cca3bb40b1adc51d9",
    "src/addons/JustForFun/Portal/_data/permissions.xml": "f70f2a71021ffcee863eae8163fa7810efb3ab906f40167f453d65f9d62d0025",
    "src/addons/JustForFun/Portal/_data/permission_interface_groups.xml": "a8587cee3b2e279cfdeb52d20c0710802a5cf72737178638c0a10555f14d8e53",
    "src/addons/JustForFun/Portal/_data/phrases.xml": "eb07b549534aa657d8534c1d13ef4fc8be8a999d74e473bf7d0e4750b09a5ebb",
    "src/addons/JustForFun/Portal/_data/routes.xml": "b3e998f495bb4609ebc834bf114b997a58f31017dc8bef9992c10011068fbcfa",
    "src/addons/JustForFun/Portal/_data/style_properties.xml": "8b8690a8512f01f219dd2da76e3d0c5f62afc1f317b87794a7331c859c36a7a8",
    "src/addons/JustForFun/Portal/_data/style_property_groups.xml": "68e1879cb3846c42d978487aa8d5145ff3335fc39e58016878824d5cf3fd684c",
    "src/addons/JustForFun/Portal/_data/templates.xml": "853252c7dd18376340c2585708555cd0529e05a8ebcbe07c912c1d3649f702dd",
    "src/addons/JustForFun/Portal/_data/template_modifications.xml": "3b54b7df00a6a4a18c5e012b6e2588e35c23aaa13a5fc227f08646a97590d778",
    "src/addons/JustForFun/Portal/_data/widget_definitions.xml": "37e46965256430f24004c2e7f08ba08f9b0d1cbcc4d70e84b3f4e3ffb713e64b",
    "src/addons/JustForFun/Portal/_data/widget_positions.xml": "a29cee66134f6bc5d75ed9df1eef21096c24401915c5b5c774389c3d7bb2d5b3"
}