<?xml version="1.0" encoding="utf-8"?>
<templates>
  <template type="public" title="justforfun_server_restart_view" version_id="100" version_string="1.0.0"><![CDATA[<xf:title>Server Manager</xf:title>

<xf:foreach loop="$servers" value="$server">
    <div class="block">
        <div class="block-container" data-xf-init="lightbox">
            <h4 class="block-header">{$server.hostname|raw}</h4>
            <div class="block-body block-row">
                <p>
                    Status: <span style="color: green;">Online</span><br />
                    IP: {$server.ip}:{$server.port}<br />
                    Map: {$server.map}<br />
                    Gametype: {$server.gametype}<br />
                    Players: {$server.players}/{$server.maxplayers}<br />
                </p>
            </div>
            <div class="block-footer">
                Lastupdate: <xf:date time="{$server.lastupdate}" />
            </div>
        </div>
    </div>
</xf:foreach>]]></template>
</templates>
